Job Title,Company,Location,Job Link,Salary
Java Developer,Persistent Systems,Remote,https://in.indeed.com/company/Persistent-Systems/jobs/Java-Developer-3d3312b707c37664?fccid=b90433ed96d63887&vjs=3,"₹4,00,000 - ₹15,00,000 a year"
Part time PHP / CodeIgniter Developer,magnusinfosystems,Remote,https://in.indeed.com/company/magnusinfosystems/jobs/PHP-65fc16a75efa4c61?fccid=92c6323f2feed981&vjs=3,₹200 - ₹400 an hour
HTML Developer,Appening Infotech,Remote,https://in.indeed.com/rc/clk?jk=c193f5ab2cbab230&fccid=cf5eb7b115db97c9&vjs=3,
MCD - Mathematics Question Developers,Wolfram Technical Consulting,Remote,https://in.indeed.com/company/Wolfram-Technical-Consulting/jobs/Mcd-51c0f1f0834476fa?fccid=de142fa0bdb7886e&vjs=3,"₹25,000 - ₹50,000 a month"
"Web Developer (CSS,HTML,Javascript, Wordpress & Tailwind CSS) Remote WFH",Volley Biz-Tech,Remote,https://in.indeed.com/company/Volley-Biz--Tech/jobs/Web-Developer-Wfh-cbbfe0e77fc537d1?fccid=1874e1477f75a6f2&vjs=3,"₹10,00,000 - ₹20,00,000 a year"
ReactJS Developer,Onito Technologies Pvt Ltd,Remote,https://in.indeed.com/company/Onito-Technologies-Pvt-Ltd/jobs/Reactj-Developer-f52bf7b596bac99d?fccid=7cc4c9db628e92f3&vjs=3,"₹4,00,000 - ₹7,20,000 a year"
React Developer,Team Geek Solutions,Remote,https://in.indeed.com/company/Team-Geek-Solutions/jobs/React-Developer-611551c8c02c2be8?fccid=c6c661d813602664&vjs=3,"Up to ₹13,00,000 a year"
Front End Developer,Elife,Remote,https://in.indeed.com/company/Elife/jobs/Front-End-Developer-e65455f3fd8354bf?fccid=3c21c8d5f69933da&vjs=3,
Junior Software Engineer,Tpt Techno Solutions,Remote,https://in.indeed.com/company/Tpt-Techno-Solutions/jobs/Junior-Software-Engineer-f12a81aae83339f5?fccid=83ba09ab3d279371&vjs=3,"₹8,684 - ₹34,136 a month"
Wanted React Developer,Logic Software Solutions Pvt. Ltd.,Remote,https://in.indeed.com/company/Logic-Software-Solutions-Pvt.-Ltd./jobs/React-Developer-463850aa0a5db180?fccid=a00efdad473f1311&vjs=3,"₹20,979 - ₹25,564 a month"
Python Developer,edutinker,Remote,https://in.indeed.com/company/eduTinker/jobs/Python-Developer-07639b6b935f5398?fccid=7dd57a1605fb485d&vjs=3,"Up to ₹10,00,000 a year"
Python/Django Developer,Sraste Technology Services Pvt Ltd,Remote,https://in.indeed.com/company/Sraste-Technology-Services-Pvt-Ltd/jobs/Python-Django-Developer-a5a01ff8b46fadc7?fccid=66f01c598063afb4&vjs=3,"From ₹2,64,894 a year"
Front End Developer,OneFin,Remote,https://in.indeed.com/company/ONEFIN/jobs/Front-End-Developer-7d5449b27c28c3e9?fccid=0ed9b068ea8d3a8c&vjs=3,"₹5,00,000 - ₹10,00,000 a year"
Full Stack Developer,Revolo InfoTech,Remote,https://in.indeed.com/company/Revolo-Infotech/jobs/Full-Stack-Developer-daa03e062993cb45?fccid=3f0dcf4317f40ce9&vjs=3,"₹8,00,000 - ₹15,00,000 a year"
Web Developer,Nawal sustainability limited,Remote,https://in.indeed.com/company/Nawal-Sustainability-Limited/jobs/Web-Developer-38173ba793b26c36?fccid=afa192c580e4f5d5&vjs=3,"₹20,000 a month"
Front End Developer,Zaliyo Technologies,Remote,https://in.indeed.com/rc/clk?jk=775fd7863974eca4&fccid=d6761e286cac7b41&vjs=3,
ReactJS Developer || Work from Home,ASPB Services Pvt Ltd,Remote,https://in.indeed.com/company/ASPB-Services-Pvt-Ltd/jobs/Reactj-Developer-5855de4d2c2e0c96?fccid=9949d5bc452cf60d&vjs=3,"₹3,00,000 - ₹4,20,000 a year"
Python Developer (Web Scraping Enginner),PST.AG,Remote,https://in.indeed.com/rc/clk?jk=c83482ddef077a7f&fccid=f96a7eab59e350d4&vjs=3,
Full Stack Developer,Inzint pvt ltd,Remote,https://in.indeed.com/company/Inzint-pvt-ltd/jobs/Full-Stack-Developer-182433a7b555f669?fccid=eea140b0419f9441&vjs=3,"₹6,00,000 - ₹10,00,000 a year"
MEAN Stack Developer,"Budhana Tech, LLP",Remote,"https://in.indeed.com/company/Budhana-Tech,-LLP/jobs/Mean-Stack-Developer-b00e855938f56d4f?fccid=14db588b14666306&vjs=3","₹3,00,000 - ₹4,20,000 a year"
Java Developer (Immediate Joiner),Floship,Remote,https://in.indeed.com/company/floship/jobs/Java-Developer-3b78a296a80fa0b6?fccid=f6498bdc1ebd9bf3&vjs=3,"₹70,000 - ₹1,50,000 a month"
Front End Development Trainer,Zonopact India Pvt. Ltd.,Remote,https://in.indeed.com/company/Zonopact-Inc./jobs/Front-End-Development-Trainer-a24c347193386bef?fccid=f916a420f8834644&vjs=3,"₹8,086 - ₹37,158 a month"
Full-Stack Software Engineer/REMOTE,ONEcount,Remote,https://in.indeed.com/company/ONEcount/jobs/Full-Stack-Software-Engineer-57480b691a696c44?fccid=59ccf63bd1b6d2e3&vjs=3,"₹10,00,000 - ₹30,00,000 a year"
ReactJS Developer,Compile Software,Remote,https://in.indeed.com/company/Compile-Software/jobs/Reactj-Developer-8268a795ff581268?fccid=125a60a3c85175bb&vjs=3,"From ₹20,000 a month"
Associate zoho developer,clixlogic,Remote,https://in.indeed.com/rc/clk?jk=54e751ab1720a2b1&fccid=44d9be3d3d23af9b&vjs=3,
UI Developer,Blockchain Solutions Network,Remote,https://in.indeed.com/company/Blockchain-Solutions-Network/jobs/Ui-Developer-d3c535787e1dd1c4?fccid=3001a63e4e9ae52f&vjs=3,"₹4,00,000 - ₹8,00,000 a year"
Software Engineer - Frontend,Kisi,Remote,https://in.indeed.com/rc/clk?jk=a221bd99b3c0365d&fccid=e45624b9b1091317&vjs=3,
Software Engineer,Global Employees,Remote,https://in.indeed.com/company/Global-Employees/jobs/Software-Engineer-a4d12f70f7499384?fccid=0a420069a8b9978f&vjs=3,"₹12,00,000 - ₹30,00,000 a year"
Full Stack Developer Intern,Simbo.ai,Remote,https://in.indeed.com/company/Medyug-Technology-Pvt-Ltd/jobs/Full-Stack-Developer-Intern-703185a84ebce03a?fccid=4495110d5a48a28a&vjs=3,"From ₹25,000 a month"
Front-End Developer,ByteMindz,Remote,https://in.indeed.com/rc/clk?jk=94c9dd1b226be069&fccid=0c5d8f3eba58aaaf&vjs=3,
Part Time Core PHP Developer - Remote,"Interloper, Inc.",Remote,"https://in.indeed.com/company/Interloper,-Inc./jobs/Core-PHP-Developer-cb3274e3522f33fa?fccid=8a2b07322b0b9afa&vjs=3",₹100 an hour
Full Stack Developer,Cronj IT solution Pvt ltd,Remote,https://in.indeed.com/company/Cronj-IT-solution-Pvt-ltd/jobs/Full-Stack-Developer-7d002b9fb2b228e8?fccid=5e53b575f8541fd4&vjs=3,"₹10,00,000 - ₹20,00,000 a year"
Full Stack Developer - React / NodeJS,digiXL Inc.,Remote,https://in.indeed.com/company/digiXL/jobs/Full-Stack-Developer-3aa255dbdf5b51c7?fccid=af64d4783f49dc6b&vjs=3,"₹6,00,000 - ₹9,00,000 a year"
Front End Developer,Bee Logical Software Solutions,Remote,https://in.indeed.com/company/Bee-Logical-Software-Solutions/jobs/Front-End-Developer-00b9e6b311a8d6dc?fccid=fe5b79c114679acb&vjs=3,"₹8,00,000 - ₹12,00,000 a year"
Web Developer,ADHIKARY ENTERPRISE,Remote,https://in.indeed.com/company/ADHIKARY-ENTERPRISE/jobs/Web-Developer-fff1f1c53010b058?fccid=3ba66ee88c8ceee5&vjs=3,"₹7,000 - ₹15,000 a month"
Software Developer – Frontend (React.JS),BigShyft,Remote,https://in.indeed.com/rc/clk?jk=bae80bd19ce06ada&fccid=df4303b9957be85e&vjs=3,"₹9,00,000 - ₹18,00,000 a year"
Software developer,Nawal sustainability limited,Remote,https://in.indeed.com/company/Nawal-Sustainability-Limited/jobs/Software-Developer-f294487f1eeb2dba?fccid=afa192c580e4f5d5&vjs=3,"₹20,000 a month"
Angular Developer,Qrech Global Solutions Private Limited,Remote,https://in.indeed.com/company/Qrech-global-solutions-private-limited/jobs/Angular-Developer-bf7128d16105754f?fccid=c2b7128fedcd2094&vjs=3,"₹35,000 - ₹1,00,000 a month"
Full Stack JavaScript Developer,Xogito,Remote,"https://in.indeed.com/company/Xogito-Group,-Inc/jobs/Full-Stack-Javascript-Developer-032a0c4930dc2b57?fccid=5900ed529b2ac1b2&vjs=3","₹1,00,000 - ₹1,80,000 a month"
Fullstack Developer,CloudStakes Technology Pvt. Ltd.,Remote,https://in.indeed.com/company/Cloudstakes-Technology-Pvt.-Ltd./jobs/Fullstack-Developer-d349233a67a1384e?fccid=db52ebcce6c409e1&vjs=3,"₹14,00,000 - ₹15,00,000 a year"
Frontend Developer (React.JS),DashClicks India,Remote,https://in.indeed.com/company/dashclicks/jobs/Frontend-Developer-de84f0c39fd4805f?fccid=d01c458d1ca82df5&vjs=3,"₹50,000 - ₹70,000 a month"
Front End Software Engineer (ReactJS & CSS),EverBee,Remote,https://in.indeed.com/rc/clk?jk=ee5ecf89cbae70c6&fccid=7a8e0868f2f793ca&vjs=3,
Frontend Developer - Jamaica,TheHive,Remote,https://in.indeed.com/company/TheHive/jobs/Frontend-Developer-be6ca9e887e3c75b?fccid=3f6264f8e7e6996f&vjs=3,"₹1,24,237 a month"
React Native Developer,Team Geek Solutions,Remote,https://in.indeed.com/company/Team-Geek-Solutions/jobs/React-Native-Developer-11d86a26d8ab499f?fccid=c6c661d813602664&vjs=3,"Up to ₹18,00,000 a year"
Java and Kibana Developer,Albireo Tech System,Remote,https://in.indeed.com/company/Albireo-Tech-System/jobs/Java-Kibana-Developer-eb0483cd304b9587?fccid=4495f8b04aecf27d&vjs=3,"₹22,000 a month"
